<?xml version="1.0" encoding="UTF-8" standalone="yes"?>
-<addon provider-name="Flechanegra" version="1.0.3+matrix.1" name="[COLOR red]Blackarrow[/COLOR] [COLORblack]Torrent[/COLOR]" id="plugin.video.blackarrow.torrent">


-<requires>

<import version="3.0.0" addon="xbmc.python"/>

<import addon="script.module.requests"/>

<import addon="script.module.simplejson"/>

<import addon="script.module.kodi-six"/>

</requires>


-<extension library="default.py" point="xbmc.python.pluginsource">

<provides>video</provides>

</extension>


-<extension point="xbmc.addon.metadata">

<summary lang="en">[COLORorange]blackarrow.torrent.Matrix[/COLOR][COLORorange]is an add-on from the K-PT Flechanegra family. ALL LINKS ARE AVAILABLE ON THE INTERNET![/COLOR]</summary>

<summary lang="pt">[COLORorange]blackarrow.torrent.Matrix[/COLOR] [COLORorange]é um addon da familia K-PT Flechanegra.TODOS OS LINKS ESTÃO DISPONIVEIS NA INTERNET![/COLOR]</summary>

<description lang="en">[COLOR red]Flecha[/COLOR] [COLOR black]Negra[/COLOR] [COLORorange]is an add-on from the K-PT Flechanegra family. ALL LINKS ARE AVAILABLE ON THE INTERNET![/COLOR]</description>

<description lang="pt">[COLOR red]Flecha[/COLOR] [COLOR black]Negra[/COLOR] [COLORorange]é um addon da familia K-PT Flechanegra.TODOS OS LINKS ESTÃO DISPONIVEIS NA INTERNET![/COLOR]</description>

<disclaimer lang="en">The author is in no way affiliated with Kodi, Team Kodi or the XBMC Foundation. This is a non-profit resource.</disclaimer>

<disclaimer lang="pt">O autor não é de forma alguma afiliado ao Kodi, Team Kodi ou a XBMC Foundation. Este é um recurso sem fins lucrativos.</disclaimer>

<platform>all</platform>


-<assets>

<icon>icon.png</icon>

<fanart>fanart.jpg</fanart>

<screenshot>resources/screenshots/1.png</screenshot>

<screenshot>resources/screenshots/2.png</screenshot>

<screenshot>resources/screenshots/3.png</screenshot>

</assets>

<news> v1.0.1.matrix.1 - Inauguração Flechanegra em Python 3 </news>

</extension>

</addon>