<?xml version="1.0" encoding="UTF-8" standalone="yes"?>
<addon id="plugin.video.blackarrow18" name="[COLOR red]black[/COLOR] [COLOR yellow]arrow18[/COLOR]" version="1.0.2+matrix.1" provider-name="Flechanegra"> 
<requires>
    <import addon="xbmc.python" version="3.0.0"/>
    <import addon="script.module.requests"/>
    <import addon="script.module.simplejson"/>
	<import addon="script.module.kodi-six" />
</requires>  
<extension point="xbmc.python.pluginsource" library="default.py">
	<provides>video</provides>
</extension>   
<extension point="xbmc.addon.metadata">
	<summary lang="en"></summary>
	<summary lang="pt"></summary>
	<description lang="en"></description>
	<description lang="pt"></description>
    <disclaimer lang="en"></disclaimer>
	<disclaimer lang="pt"></disclaimer>
    <platform>all</platform>
	<assets>
       <icon>icon.png</icon>
       <fanart>fanart.jpg</fanart>
	   <screenshot>resources/screenshots/1.png</screenshot>
       <screenshot>resources/screenshots/2.png</screenshot>
       <screenshot>resources/screenshots/3.png</screenshot>
    </assets>
	<news>
v1.0.0.matrix.1
- Inauguração blackarrow18 em Python 3
	</news>
</extension>
</addon>