<?xml version="1.0" encoding="UTF-8"?>
<addon
  id="pvr.aguia.de.fogosimple"
  version="19.0.3"
  name="PVR AGUIA DE FOGO SIMPLE"
  provider-name="ArrowNegra">
  <requires>
<import addon="kodi.binary.global.main" minversion="1.2.0" version="1.3.0"/>
<import addon="kodi.binary.global.general" minversion="1.0.4" version="1.0.5"/>
<import addon="kodi.binary.global.filesystem" minversion="1.1.0" version="1.1.6"/>
<import addon="kodi.binary.global.tools" minversion="1.0.0" version="1.0.4"/>
<import addon="kodi.binary.instance.pvr" minversion="7.1.0" version="7.1.0"/>
    <import addon="inputstream.ffmpegdirect" minversion="1.19.0"/>
    <import addon="inputstream.adaptive" minversion="2.6.6"/>
    <import addon="inputstream.rtmp" minversion="3.4.0"/>
  </requires>
  <extension
    point="kodi.pvrclient"
    library_windows="pvr.aguia.de.fogosimple.dll"/>
  <extension point="xbmc.addon.metadata">
    <platform>windows-x86_64</platform>
    <license>GPL-2.0-or-later</license>
    <source>https://github.com/kodi-pvr/pvr.hts</source>
    <forum>https://forum.kodi.tv/forumdisplay.php?fid=215</forum>
    <assets>
      <fanart>fanart.jpg</fanart>
      <icon>icon.png</icon>
    </assets>
    <news>
v19.0.2
- Release bump

v19.0.1
- Set default player as VideoPlayer for ffmpegdirect so Timeshift works for PVR Radio

v19.0.0
- Changed: Test builds to 'Kodi 19 Matrix'
- Increased version to 19.0.0
  - With start of Kodi 20 Nexus, takes addon as major the same version number as Kodi.
    This done to know easier to which Kodi the addon works.

v7.6.13
- Fixed: Apply timezone for first aired date if after 1970

v7.6.12
- Fixed: Always compare to the raw start date and not the localised time to detect NEW programmes
- Fixed: Do not set year if this programme is a TV show

v7.6.11
- Fixed: EPG date entry only parsing year

v7.6.10
- Fixed: Fix episode number when there is no season
- Fixed: Return server error if channels or groups could not be loaded due to missing file so they are not cleared in Kodi
- Translations updates from Weblate
	- id_id, ko_kr, pl_pl

v7.6.9
- Translations updates from Weblate
	- pl_pl

v7.6.8
- Translations updates from Weblate
	- zh_cn

v7.6.7
- Translations updates from Weblate
	- id_id, lt_lt

v7.6.6
- Language update from Weblate

v7.6.5
- Fixed: Allow embedded commas in channel name in M3U

v7.6.4
- Fixed: Only use Local logo location if file is relative
- Fixed: Add string initialisation from macros as some linux fail to compile without it

v7.6.3
- Skipped

v7.6.2
- Fixed: Allow catchup correction (timezone shift) when live URLs have catchup placeholders
- Fixed: Always load EPG data if we prefer XMLTV logos or catchup is enabled

v7.6.1
- Fixed: Allow ignoring M3U logos when using local logo path

v7.6.0
- Added: Support url-tvg in M3U header in addition to x-tvg-url
- Added: Add support for XZ compression of XMLTV data
- Fixed: Allow flusonnic channel ids containing forward slashes
- Fixed: Disable other catchup settings if catched is not enabled
- Added: Add setting for catchup correction
- Added: Support xeev XC catchup prefixes

v7.5.1
- Fixed: Treat 'tvg-rec' catchup tag like the siptv 'timeshift' tag
- Fixed: Ensure channel's catchup window is used instead of value from settings

v7.5.0
- Added: Support sub channel numbers
- Added: Allow setting scope for channels using catchup mode setting to enable overriding

v7.4.3
- Fixed: Add support for format specifiers use for detecting terminating catchup and granularity
- Update: Make inputstream add-ons a required dependency

v7.4.2
- Fixed: Add missing initialisation of display name with underscores after fixing slow epg

v7.4.1
- Update: Readme - update description for Kodi 19 and add table of contents

v7.4.0
- Fixed: An xmltv channel cannot have an empty id field
- Fixed: Fix slow epg load due to display name checks when finding a channel
- Fixed: Only force load EPG data on startup if catchup is enabled
- Added: Support custom channel group filters
- Added: Reload settings before reloading playlist and EPG data

v7.3.0
- Update: PVR API 7.1.0
- Added: support past and future max epg days and always load EPG data on start

v7.2.0
- Added: Safe localtime and format strings for timestamps in catchup
- Added: Allow now/current time format specifiers in live stream URLs
- Added: Redact catchup source and url format string
- Added: Some providers use 'tvg-rec' instead of 'catchup-days'

v7.1.0
- Added: Set minimum inputstream ffmpegdirect, rtmp and adaptive versions to API stable version for Matrix
- Added: Redact URLs when logged
- Update: Replace square brackets with bold text in addon settings help text

v7.0.0
- Update: PVR API 7.0.2

v6.4.1
- Update: Remove p8 from debian control file

v6.4.0
- Added: Add options to support both UDP and all stream types when using timeshift feature
- Fixed: README spelling corrections
- Update: Use add-on supplied StringUtils and remove local version

v6.3.2
- Update: Remove p8-platforms and add local StringUtils for cpp17

v6.3.1
- Fixed: Append TV/Radio to group name if the same group name is used for both channel types

v6.3.0
- Update: Allow max catchup of 15 days
- Added: Support premiere and new tag from XMLTV

v6.2.4
- Fixed: Only allow timeshift on streams that are live

v6.2.3
- Fixed: Don't allow timeshift mode on catchup VOD stream

v6.2.2
- Fixed: Correctly pass realtime stream information to inputstream.ffmpegdirect addon

v6.2.1
- Fixed: Fix timeshift not working for catchup streams without timestamp

v6.2.0
- Added: Add advanced option to always enabled timeshift for supported streams using custom M3U properties

v6.1.0
- Added: Check inputstream is installed or enabled if a custom inputstream is provided in M3U

v6.0.1
- Update PVR API 7.0.1

v6.0.0
- Update PVR API 7.0.0
- Rework addon to support new API interface

v5.2.0
- Added: Enable timeshift feature from inputstream.ffmpegdirect
- Added: Support VOD catchup streams including those via plugin URLs
- Added: Access to ffmpegdirect settings and inputstream checks (C++ API)
- Fixed: Fix flussonic ts detected as wrong type
- Fixed: Use kodis built in inputstreams for plugin urls
- Fixed: Fix incorrect catchup granularity for flussonic stream

v5.1.0
- Added: Support catchup-type M3U property
- Added: Set MIME type and manifest on stream types if required
- Added: Support multiple occurrences of year, month and day in catchup format specifiers
- Update: Change docs to use inputstream instead of inputstreamclass

v5.0.0
- Update PVR API 6.5.1
- Update Global API 1.2.0

v4.14.2
- Check to make sure catchup streams support timeshifting before letting them do so
- Fix catchup streams for fs, xc and shift being passed URL with possible protocol options

v4.14.1
- Fixed: Send manifest type property to ffmpegdirect so it can recognise Smooth Streaming

v4.14.0
- Added: Stream Manager for runtime caching of stream/mime types for speeding up channel switches
- Added: Deprecate use of inputstream.ffmpegdirect.mime_type and use mimetype property instead
- Added: Support advanced setting to set a default inputstream and/or MIME type for channels without them
- Fixed: Fix full timeshift calc not being applied to catchup streams
- Added: Suppport catchup-correction value in M3U file for catchup streams geo mismatched to wrong time

v4.13.2
- Fixed: Install all inputstream dependencies by default.
- Fixed: Debian control files for run-time dependencies.

v4.13.1
- Fixed: Install ffmpegdirect dependency by default.

v4.13.0
- Added: Add support for catchup stream granularity property for ffmpegdirect
- Fixed: Terminating catchup stream check missing use case

v4.12.0
- Added: Add support for terminating catchup streams property for ffmpegdirect
- Update: Convert kodiprop names inputstreamaddon and inputstreamclass to inputstream on load

v4.11.7
- Fixed: stream media headers not set when inputstream.adaptive is used for HLS streams

v4.11.6
- Fixed: Fix incorrect live URL selection and inputstream for standard (no timeshift) catchup streams
- Fixed: Correctly cache mime_type for streams

v4.11.5
- Fixed: Typo in date regex, caused failure to load EPG on some platforms

v4.11.4
- Fixed: EPG performance
- Update: PVR API 6.3.0
- Added: GPLv2+ badge on README
- Update: SPDX in copyright header for for GPLv2 or later

v4.11.3
- Add: GPL2 license file and show GPL2 on README.md
- Update: Add source url, forum url and license name to addon.xml
- Update: Copyright year to 2020 and use Kodi / kodi.tv
- Update: Debian build code
- Update: Some minor cleanups

v4.11.2
- Update: PVR API 6.2.0

v4.11.1
- Fixed: Also check for ffmpegdirect mime type when checking stream type
- Fixed: Pass mime type to ffmpegdirect if available
- Fixed: Inspecting stream type for catchup mode shift should default to TS

v4.11.0
- Added: Support new catchup providers, shift, xc and fs including TS stream support
- Added: Support for timestamp catchup format specifier
- Added: Optional catchup-id per programme from XMLTV
- Added: Add catchup M3U8 examples to README
- Fixed: Live catchup streams that don't support timeshift
- Fixed: Don't build test catchup url for non catchup streams
- Added: Support for offset catchup format specifier
- Update: Add p8-platform to addon depends instead of from kodi

v4.10.0
- Added: User-Agent support from advanced addon setting

v4.9.0
- Added: Catchup support (a.k.a Archive)
- Added: Missing check for HLS stream type
- Update: Readme
- Fixed: strings.po comments

v4.8.5
- Update: Transifix language files

v4.8.4
- Fixed: Disable caching when using refresh M3U/XMLTV modes
- Fixed: Also check channel mime type property when determinig stream type
- Fixed: Correct settings levels

v4.8.3
- Fixed: Channel and epg refresh infinite loop

v4.8.2
- Fixed: Initialise properties size and check max
- Fixed: Playing a channel will crash if file/URL does not exist
- Fixed: Support both input stream class and addon properties
- Fixed: Allow override of ffmpeg reconnect option
- Fixed: Fix header property spelling
- Update: Readme

v4.8.1
- Fixed: Local channels logo with .jpg extension not working

v4.8.0
- Added: Allow use of inputstream ffmpeg for m3u8 files missing correct extension
- Added: Support for x-tvg-url in playlist header for XMLTV data
- Added: Add EXTVLCOPT properties for headers
- Fixed: Fix RTP multicast stream prefix
- Added: Add support for Dash and Smooth streaming via inputstream.adaptive
- Added: Add option to use inputsream.adaptive for m3u8/hls streams
- Added: Support FFmpeg reconnect for http streams using inputstream ffmpeg
- Fixed: Limit allowed EXTVLCOPT properties to known set
- Fixed: Add extra stream properties as lower case only
- Fixed: Support inputstreamaddon for overriding inputstream
- Update: Readme

v4.7.1
- Update: Switch from rapixml to pugixml
- Fixed: tvg-id does not match a channel if no display-names in xmltv
- Fixed: Combine multiple XMLTV channels sharing same id

v4.7.0
- Fixed: Add channel logo extension for relative paths only
- Fixed: Logger fix ported from pvr.hts
- Update: update readme
- Added: Transform UDP/RTP multicast stream URLs to local udpxy URLs

v4.6.1
- Fixed: Fix channel logos getting default extension

v4.6.0
- Added: M3U auto refresh
- Update: update github links for Matrix
- Update: Remove dependency on p8-platform util, thread and mutex
- Added: Switch EPGTimeshift setting to hours instead of minutes

v4.5.2
- Speed up EPG loading

v4.5.1
- Fix compiler warnings

v4.5.0
- Fixed: Support full timeshift range of -12 to +14 hours
- Fixed: Some providers incorrectly use tvg-ID instead of tvg-id
- Fixed: Support multiple display-names and case insensitive tvg-id is always first, next tvg-name and then channel name find order
- Added: support episode-num for both xmltv_ns and onscreen systems in epg entry
- Added: Update readme for supported M3U and XMLTV formats and genres
- Added: support star rating in epg entry
- Added: support firstAired and year in epg entry
- Added: Update OSX build script
- Added: support multiple actor/director/writers elements in epg entry
- Added: URLEncode and append .png ext for remote logos built from channel name
- Added: Support for mapping by genre hex ID and added example files and settings
- Added: Timing for Playlist and EPG Load
- Added: Option to number channels by M3U order only
- Update: Debug logging
- Added: Channel group member order set to M3U order
- Fixed: Fix segfault for compressed EPG files
- Added: Add ordering for groups as per PVR API 6.1.0

v4.4.0
- Update: Recompile for 6.1.0 PVR Addon API compatibility

v4.3.0
- Added: Auto reload channels, groups and EPG on settings change
- Added: Support for #EXTGRP tag in M3U file
- Fixed: Channel with no groups inherit previous channels groups
- Added: update new file kodi headers to start with kodi/

v4.2.2
- Update build system version
- Change header include way
- Add AppVeyor for Windows related build tests

v4.2.1
- Fix nullptr initialisation

v4.2.0
- Add support for sub-title/actor/director/writer in XML

v4.1.0
- Support EXTVCOPT in m3u8
- Build helper script for OSX

v4.0.2
- Fix wrong EPG times due to DST on Windows

v4.0.1
- Remove channels loaded notification

v4.0.0
- Update to PVR addon API v6.0.0

Full changelog here: https://github.com/kodi-pvr/pvr.iptvsimple/blob/Matrix/pvr.iptvsimple/changelog.txt
    </news>
    <summary lang="af_ZA">Kodi PVR byvoegsel vir IPTV ondersteuning. https://github.com/afedchin/Kodi-addon-iptvsimple/wiki/IPTV-Simple-Home</summary>
    <summary lang="az_AZ">IPTV dəstəyi üçün Kodi PVR əlavəsini yükləyin.&#10;https://github.com/afedchin/Kodi-addon-iptvsimple/wiki/IPTV-Simple-Home</summary>
    <summary lang="bg_BG">Добавка за ПВР за поддръжка на IPTV. https://github.com/afedchin/Kodi-addon-iptvsimple/wiki/IPTV-Simple-Home</summary>
    <summary lang="ca_ES">Complement PVR de Kodi per al suport d'IPTV https://github.com/afedchin/Kodi-addon-iptvsimple/wiki/IPTV-Simple-Home</summary>
    <summary lang="cs_CZ">IPTV PVR doplněk pro Kodi. https://github.com/afedchin/Kodi-addon-iptvsimple/wiki/IPTV-Simple-Home</summary>
    <summary lang="cy_GB">Ychwanegyn recordydd Kodi ar gyfer cefnogi IPTV. https://github.com/afedchin/Kodi-addon-iptvsimple/wiki/IPTV-Simple-Home</summary>
    <summary lang="da_DK">Kodi PVR addon til IPTV support. https://github.com/afedchin/Kodi-addon-iptvsimple/wiki/IPTV-Simple-Home</summary>
    <summary lang="de_DE">Kodi PVR-Addon für IPTV-Unterstützung.</summary>
    <summary lang="el_GR">Πρόσθετο του Kodi για PVR, με υποστήριξη IPTV. Για λεπτομέρειες επισκεφθείτε το: https://github.com/afedchin/Kodi-addon-iptvsimple/wiki/IPTV-Simple-Home</summary>
    <summary lang="en_AU">Kodi PVR addon for IPTV support. https://github.com/afedchin/Kodi-addon-iptvsimple/wiki/IPTV-Simple-Home</summary>
    <summary lang="en_GB">Kodi PVR addon for IPTV support.</summary>
    <summary lang="en_NZ">Kodi PVR addon for IPTV support. https://github.com/afedchin/Kodi-addon-iptvsimple/wiki/IPTV-Simple-Home</summary>
    <summary lang="en_US">Kodi PVR addon for IPTV support. https://github.com/afedchin/Kodi-addon-iptvsimple/wiki/IPTV-Simple-Home</summary>
    <summary lang="es_AR">Addon Kodi PVR para soporte IPTV. https://github.com/afedchin/Kodi-addon-iptvsimple/wiki/IPTV-Simple-Home</summary>
    <summary lang="es_ES">Kodi PVR addon para soporte IPTV. https://github.com/afedchin/Kodi-addon-iptvsimple/wiki/IPTV-Simple-Home</summary>
    <summary lang="es_MX">Complemento Kodi PVR para soporte de IPTV. https://github.com/afedchin/Kodi-addon-iptvsimple/wiki/IPTV-Simple-Home</summary>
    <summary lang="et_EE">Kodi PVR'i lisamoodul IPTV toele. https://github.com/afedchin/Kodi-addon-iptvsimple/wiki/IPTV-Simple-Home</summary>
    <summary lang="fi_FI">Kodin IPTV-lisäosa. https://github.com/afedchin/Kodi-addon-iptvsimple/wiki/IPTV-Simple-Home</summary>
    <summary lang="fr_CA">Addiciel de numériscope Kodi pour la prise en charge d’IPTV</summary>
    <summary lang="fr_FR">Extension enregistreur vidéo (PVR) pour la gestion IPTV. https://github.com/afedchin/Kodi-addon-iptvsimple/wiki/IPTV-Simple-Home</summary>
    <summary lang="gl_ES">Complemento PVR do Kodi de soporte á IPTV. https://github.com/afedchin/Kodi-addon-iptvsimple/wiki/IPTV-Simple-Home</summary>
    <summary lang="he_IL">לקוח טלוויזיה חיה עם תמיכה ב־IPTV.&#10;https://github.com/afedchin/Kodi-addon-iptvsimple/wiki/IPTV-Simple-Home</summary>
    <summary lang="hr_HR">Kodi PVR dodatak za IPTV podršku. https://github.com/afedchin/Kodi-addon-iptvsimple/wiki/IPTV-Simple-Home</summary>
    <summary lang="hu_HU">Kodi PVR kiegészítő az IPTV támogatáshoz. https://github.com/afedchin/Kodi-addon-iptvsimple/wiki/IPTV-Simple-Home</summary>
    <summary lang="id_ID">Pengaya PVR Kodi untuk dukungan IPTV. https://github.com/afedchin/Kodi-addon-iptvsimple/wiki/IPTV-Simple-Home</summary>
    <summary lang="is_IS">Kodi upptökuviðbót fyrir stuðning við IPTV. https://github.com/afedchin/Kodi-addon-iptvsimple/wiki/IPTV-Simple-Home</summary>
    <summary lang="it_IT">Addon PVR Kodi per il supporto IPTV. https://github.com/afedchin/Kodi-addon-iptvsimple/wiki/IPTV-Simple-Home</summary>
    <summary lang="ja_JP">IPTV をサポートする Kodi PVR アドオンです。 https://github.com/afedchin/Kodi-addon-iptvsimple/wiki/IPTV-Simple-Home</summary>
    <summary lang="ko_KR">IPTV 지원을 위한 Kodi PVR 애드온.</summary>
    <summary lang="lt_LT">Kodi PVR priedas IPTV palaikymui. https://github.com/afedchin/Kodi-addon-iptvsimple/wiki/IPTV-Simple-Home</summary>
    <summary lang="lv_LV">Kodi PVR pielikums IPTV atbalstam. https://github.com/afedchin/Kodi-addon-iptvsimple/wiki/IPTV-Simple-Home</summary>
    <summary lang="mk_MK">Kodi PVR додаток за IPTV. https://github.com/afedchin/Kodi-addon-iptvsimple/wiki/IPTV-Simple-Home</summary>
    <summary lang="ms_MY">Tambahan PVR Kodi untuk sokongan IPTV https://github.com/afedchin/Kodi-addon-iptvsimple/wiki/IPTV-Simple-Home</summary>
    <summary lang="mt_MT">PVR addon ta' Kodi għall-IPTV. https://github.com/afedchin/Kodi-addon-iptvsimple/wiki/IPTV-Simple-Home</summary>
    <summary lang="nb_NO">Kodi PVR-tillegg for IPTV-støtte. https://github.com/afedchin/Kodi-addon-iptvsimple/wiki/IPTV-Simple-Home</summary>
    <summary lang="nl_NL">Kodi PVR-add-on voor IPTV-ondersteuning. https://github.com/afedchin/Kodi-addon-iptvsimple/wiki/IPTV-Simple-Home</summary>
    <summary lang="pl_PL">Klient telewizji dla telewizji internetowej. Więcej informacji o dodatku: https://github.com/afedchin/Kodi-addon-iptvsimple/wiki/IPTV-Simple-Home</summary>
    <summary lang="pt_BR">Addon de PVR no Kodi com suporte a IPTV. https://github.com/afedchin/Kodi-addon-iptvsimple/wiki/IPTV-Simple-Home</summary>
    <summary lang="pt_PT">Add-on PVR do Kodi para suporte de IPTV. https://github.com/afedchin/Kodi-addon-iptvsimple/wiki/IPTV-Simple-Home</summary>
    <summary lang="ro_RO">Supliment PVR Kodi pentru suport IPTV. https://github.com/afedchin/Kodi-addon-iptvsimple/wiki/IPTV-Simple-Home</summary>
    <summary lang="ru_RU">Kodi PVR аддон для поддержки IPTV.</summary>
    <summary lang="sk_SK">Kodi PVR doplnok umožňujúci IPTV podporu. https://github.com/afedchin/Kodi-addon-iptvsimple/wiki/IPTV-Simple-Home</summary>
    <summary lang="sl_SI">Kodijev dodatek PVR s podporo za IPTV. https://github.com/afedchin/Kodi-addon-iptvsimple/wiki/IPTV-Simple-Home</summary>
    <summary lang="sr_RS">Kodi PVR додатни програм за IPTV подршку. https://github.com/afedchin/Kodi-addon-iptvsimple/wiki/IPTV-Simple-Home</summary>
    <summary lang="sr_RS@latin">Kodi PVR dodatni program za IPTV podršku. https://github.com/afedchin/Kodi-addon-iptvsimple/wiki/IPTV-Simple-Home</summary>
    <summary lang="sv_SE">PVR-tillägg med IPTV-support för Kodi. https://github.com/afedchin/Kodi-addon-iptvsimple/wiki/IPTV-Simple-Home</summary>
    <summary lang="szl">Klijynt telewizyjny dlŏ telewizyje internetowyj. Wiyncyj informacyji ô przidŏwku: https://github.com/afedchin/Kodi-addon-iptvsimple/wiki/IPTV-Simple-Home</summary>
    <summary lang="tr_TR">IPTV desteği için Kodi PVR eklentisi. https://github.com/afedchin/Kodi-addon-iptvsimple/wiki/IPTV-Simple-Home</summary>
    <summary lang="uk_UA">PVR надбудова Kodi для підтримки IPTV. https://github.com/afedchin/Kodi-addon-iptvsimple/wiki/IPTV-Simple-Home</summary>
    <summary lang="zh_CN">Kodi PVR 插件需要 IPTV 支持。https://github.com/afedchin/Kodi-addon-iptvsimple/wiki/IPTV-Simple-Home</summary>
    <summary lang="zh_TW">支援IPTV的Kodi PVR附加元件。https://github.com/afedchin/Kodi-addon-iptvsimple/wiki/IPTV-Simple-Home</summary>
    <description lang="af_ZA">IPTV Simple PVR kliënt ondersteun M3U speellyste, stroom van lewendige TV vir multisaai / unisaai bronne, luister na radio kanale en EPG.</description>
    <description lang="bg_BG">Прост клиент за ПВР за телевизия по Интернет. Поддържа списъци за възпроизвеждане във формат „m3u“, поточно предавана телевизия от източници с излъчване мултикаст и уникаст, слушане на радио канали и електронен програмен справочник.</description>
    <description lang="ca_ES">Client senzill per a IPTV PVR compatible amb les llistes de reproducció m3u, transmissions en línia de TV en directe per als orígens difusió única o múltiple, escolta d'emissores de ràdio i guia electrònica de programació (EPG).</description>
    <description lang="cs_CZ">Jednoduchý klient PVR pro IPTV podporuje seznamy stop m3u, streamování živého vysílání pro zdroje vícesměrového nebo jednosměrového vysílání, poslech rozhlasových stanic a televizní program.</description>
    <description lang="cy_GB">Mae Cleient IPTV Simple PVR yn cynnal rhestrau m3u, ffrydio Teledu Byw o ffynonellau darlledu eang ac unigol, gwrando ar sianeli Radio ac Amserlen Rhaglenni.</description>
    <description lang="da_DK">IPTV Simpel PVR klient understøttelse M3U-afspilningslister, streaming af direkte tv til multicast/unicast kilder, lytte til radio kanaler og EPG.</description>
    <description lang="de_DE">IPTV Simple PVR Client unterstützt m3u Wiedergabelisten, Streaming von Live-TV für Multicast/Unicast Quellen, Radiosender und EPG.    </description>
    <description lang="el_GR">Απλός Πελάτης PVR του IPTV, με υποστήριξη λιστών αναπαραγωγής m3u, αναπαραγωγή ροών Live TV για πηγές πολλαπλής/μοναδικής διανομής, ακρόαση ραδιοφωνικών καναλιών και EPG.</description>
    <description lang="en_AU">IPTV Simple PVR Client support m3u playlists, streaming of Live TV for multicast/unicast sources, listening to Radio channels and EPG.</description>
    <description lang="en_GB">IPTV Simple PVR Client support m3u playlists, streaming of Live TV for multicast/unicast sources, listening to Radio channels and EPG.&#10;    &#10;For documentation visit: https://github.com/kodi-pvr/pvr.iptvsimple/blob/Matrix/README.md&#10;    </description>
    <description lang="en_NZ">IPTV Simple PVR Client support m3u playlists, streaming of Live TV for multicast/unicast sources, listening to Radio channels and EPG.</description>
    <description lang="en_US">IPTV Simple PVR Client support m3u playlists, streaming of Live TV for multicast/unicast sources, listening to Radio channels and EPG.</description>
    <description lang="es_AR">Cliente simple PVR IPTV.  Reproduce de TV en Vivo multicast/unicast y listas m3u8&#10; . reproduce tambien canales de radio y GEP</description>
    <description lang="es_ES">El cliente PVR IPTV Simple soporta listas M3U, reproducción de TV en Vivo para origenes multicast/unicast, escucha de canales de radio y EPG</description>
    <description lang="es_MX">IPTV Simple PVR Client soporta listas de reproducción m3u, streaming de Live TV para fuentes multicast / unicast, escuchando para canales de radio y EPG.</description>
    <description lang="fi_FI">IPTV-lisäosa tukee m3u-toistolistoja, multicast/unicast-tv-lähetysten toistoa, radiokanavia ja ohjelmaopasta.</description>
    <description lang="fr_CA">Client de numériscope simple pour IPTV, prenant en charge les listes de lecture m3u, la diffusion en continu des télés en direct pour les sources de multidiffusion et de monodiffusion, l’écoute de chaînes radio, et le GÉP.</description>
    <description lang="fr_FR">Le client enregistreur vidéo (PVR) IPTV Simple gère les listes de lecture M3U, la diffusion en continu de la TV en direct en mono ou multidiffusion, l'écoute des chaînes radio et le guide électronique des programmes TV.</description>
    <description lang="gl_ES">O cliente PVR simple de IPTV soporta listaxes m3u, transmisión de TV en directo para fontes multicast/unicast, escoita de canles de Radio e Guía.</description>
    <description lang="he_IL">לקוח טלוויזיה חיה IPTV Simple תומך ברשימות m3u, הזרמת שידורים חיים ממקור מרובב/ סטרים בודד, האזנה לתחנות רדיו והצגת לוח שידורים.</description>
    <description lang="hr_HR">IPTV Simple PVR klijent podržava m3u popise izvođenja, streamanje TV programa s više ili jednog izvora, slušanje radio programa i elektronski programski vodič (EPG).</description>
    <description lang="hu_HU">Az IPTV PVR kiegészítő támogatja m3u listák lejátszását, élő TV adások hálózati streamelését, rádióadók hallgatását EPG adatok kezelésével.</description>
    <description lang="id_ID">IPTV, klien PTV sederhana yang mendukung playlist m3u, pengaliran siaran TV langsung untuk sumber multicast/unicast, mendengarkan radio dan EPG.</description>
    <description lang="is_IS">Einfaldur upptökubiðlari fyrir IPTV sem styður m3u spilunarlista, streymingu af beinum útsendingum frá multicast/unicast þjónustum, hlustun á útvarpsrásir og rafræna dagskrárvísa</description>
    <description lang="it_IT">Il client IPTV Simple PVR supporta playlist m3u, streaming della Live TV per sorgenti multicast/unicast e ascoltare canali Radio ed EPG.</description>
    <description lang="ja_JP">IPTV シンプル PVR クライアントは、m3u プレイリスト、マルチキャスト/ユニキャストのライブ TV ストリーミング、ラジオチャンネルや EPG の視聴をサポートしています。</description>
    <description lang="ko_KR">IPTV Simple PVR 클라이언트는 m3u 재생목록, 스트리밍, 멀티캐스트/유니캐스트 소스의 TV 시청, 라디오 채널과 EPG를 통한 청취를 지원합니다.&#10;    &#10;For documentation visit: https://github.com/kodi-pvr/pvr.iptvsimple/blob/Matrix/README.md&#10;    </description>
    <description lang="lt_LT">IPTV Simple PVR klientas palaiko m3u grojaraščius, TV transliacijas iš multicast/unicast šaltinių, radijo stočių transliacijas ir EPG.</description>
    <description lang="lv_LV">IPTV vienkāršais PVR klients atbalsta m3u spēļsarakstus, tiešraides TV straumēšanu multiraides/uniraides avotiem, radio kanālu klausīšanos un EPG.</description>
    <description lang="mk_MK">IPTV Simple PVR Client поддржува m3u листи, гледање на Live TV од multicast/unicast извори, слушање Радио канали и EPG.</description>
    <description lang="ms_MY">Klien PVR IPTV Simple menyokong senarai audio visual m3u, penstriman TV Langsung untuk sumber satu siaran/berbilang-siaran, mendengar saluran Radio dan EPG.</description>
    <description lang="mt_MT">IPTV Simple PVR Client jiflaħ għal playlists m3u, streaming ta' TV Lajv għal sorsi multicast/unicast, smiegħ ta' stazzjonijiet tar-Radju u EPG.</description>
    <description lang="nb_NO">IPTV Simple PVR-klient støtter m3u-spillelister, strømming av direkte-TV, lytting til radiokanaler og programguider.</description>
    <description lang="nl_NL">IPTV Simple PVR cliënt ondersteunt m3u-afspeellijsten, streaming van live-TV voor multicast/unicastbronnen, luisteren naar radiozenders en EPG.</description>
    <description lang="pl_PL">Klient telewizji dla telewizji internetowej obsługuje listy odtwarzania m3u, transmisję kanałów radiowych i telewizyjnych ze źródeł punktowych i grupowych oraz funkcje przewodnika telewizyjnego.</description>
    <description lang="pt_BR">O cliente de PVR IPTV Simple Client oferece suporte para listas m3u, transmissão de TV ao vivo de fontes multicast/unicast, transmissão de rádios e, ainda, suporte a guia de programação eletrônico - EPG.</description>
    <description lang="pt_PT">Cliente IPTV Simple PVR com suporte a listas de reprodução m3u, transmissão de TV em direto de fontes multidifusão/unidifusão, ouvir estações de rádio e EPG.</description>
    <description lang="ro_RO">PVR Client IPTV suporta liste m3u, redare TV în direct pentru surse de multicast/unicast, ascultare canale radio si EPG.</description>
    <description lang="ru_RU">IPTV Simple PVR поддерживает просмотр потокового ТВ для юникаст/мультикаст источников, прослушивание радиоканалов и работу с телегидом.&#10;    &#10;Для документации посетите: https://github.com/kodi-pvr/pvr.iptvsimple/blob/Matrix/README.md&#10;    </description>
    <description lang="sk_SK">Jednoduchý IPTV PVR klient podporuje mp3 zoznamy súborov, streamovanie živého televízneho vysielania ako multicast/unicast zdroje, počúvanie rozhlasových kanálov a EPG.</description>
    <description lang="sl_SI">IPTV Simple odjemalec PVR podpira sezname m3u, pretakanja TV v živo za vire multicast/unicast, poslušenje radijskih postaj in EPG.</description>
    <description lang="sr_RS">IPTV Једноставан PVR Клијент подржава m3u листе за репродукцију, стримовање ТВ Уживо за multicast/unicast изворе, слушање Радио канала и EPG.</description>
    <description lang="sr_RS@latin">IPTV Jednostavan PVR Klijent podržava m3u liste za reprodukciju, strimovanje TV Uživo za multicast/unicast izvore, slušanje Radio kanala i EPG.</description>
    <description lang="sv_SE">IPTV Simple PVR Client stöder m3u-spellistor, strömmande Live-TV för multicast/unicast-källor, radiolyssning och EPG.</description>
    <description lang="szl">Klijynt telewizyje dlŏ telewizyje internetowyj ôbsuguje wykŏzy ôdtwŏrzaniŏ m3u, szpricowanie kanałōw radyjowych i telewizyjnych ze źrōdeł pōnktowych i skupinowych, a tyż fōnkcyje EPG.</description>
    <description lang="tr_TR">IPTV Basit PVR İstemcisi m3u çalma listeleri, multicast/unicast kaynaklar için Canlı TV akışı, radyo kanallarını dinleme ve EPG destekler.</description>
    <description lang="zh_CN">IPTV 简单 PVR 前端支持 m3u 播放列表、多播/单播源直播电视、收听电台和电子节目单。</description>
    <description lang="zh_TW">IPTV Simple PVR 用戶端支援m3u 播放列表，來自multicast/unicast 的即時電視串流，收聽廣播及電子節目表。</description>
    <disclaimer lang="af_ZA">Hierdie is onstabiele sagteware! Die outeurs is op geen manier verantwoordelik vir gefaalde spele, inkorrekte EPG tye, vermorsde ure, of enige ander ongewensde effekte.</disclaimer>
    <disclaimer lang="bg_BG">Тази програма е нестабилна! Авторите не носят отговорност за неуспешно възпроизвеждане, некоректни часове в електронния програмен справочник, пропиляното време и други нежелани ефекти.</disclaimer>
    <disclaimer lang="ca_ES">Aquest programari és inestable! Els autors no es fan responsables de reproduccions fallides, horaris incorrectes a la guia electrònica de programació (EPG), hores perdudes o qualsevol altre efecte no desitjat.</disclaimer>
    <disclaimer lang="cs_CZ">Tento software není stabilní! Autoři nejsou žádným způsobem zodpovědní za neúspěšná přehrávání, chybné časy televizního programu, ztracený čas nebo jakékoliv jiné nežádoucí efekty.</disclaimer>
    <disclaimer lang="cy_GB">Mae'r feddalwedd hon yn fregus! Nid yw'r awduron yn gyfrifol mewn unrhyw ffordd am fethu recordio, amseru gwallus, oriau wedi eu gwastraffu nac effeithiau annymunol eraill.</disclaimer>
    <disclaimer lang="da_DK">Dette er ustabil software! Ophavsmændene er på ingen måde ansvarlig for mislykkede afspilninger, forkerte EPG-tider, spildte timer, eller andre uønskede konsekvenser.</disclaimer>
    <disclaimer lang="de_DE">Die Autoren sind in keiner Weise verantwortlich für fehlgeschlagene Wiedergaben, falsche EPG-Zeiten, verschwendete Zeit oder unerwünschte Effekte jeglicher Art.</disclaimer>
    <disclaimer lang="el_GR">Ασταθές πρόγραμμα! Οι δημιουργοί δεν είναι σε καμία περίπτωση υπεύθυνοι για αποτυχημένες εγγραφές, λανθασμένους χρονοδιακόπτες, χαμένες ώρες, ή κάθε είδους ανεπιθύμητα αποτελέσματα.</disclaimer>
    <disclaimer lang="en_AU">This is unstable software! The authors are in no way responsible for failed playings, incorrect EPG times, wasted hours, or any other undesirable effects.</disclaimer>
    <disclaimer lang="en_GB">The authors are in no way responsible for failed playings, incorrect EPG times, wasted hours, or any other undesirable effects.</disclaimer>
    <disclaimer lang="en_NZ">This is unstable software! The authors are in no way responsible for failed playings, incorrect EPG times, wasted hours, or any other undesirable effects.</disclaimer>
    <disclaimer lang="en_US">This is unstable software! The authors are in no way responsible for failed playings, incorrect EPG times, wasted hours, or any other undesirable effects.</disclaimer>
    <disclaimer lang="es_AR">Este es un software inestable. El autor no se hace responsable por reproducciones fallidas, datos de GEP incorrectos, horas perdidas o cualquier otro efecto indeseable.</disclaimer>
    <disclaimer lang="es_ES">Este es un software inestable! El autor no se hace responsable de reproducciones fallidas, datos de EPG incorrectos, horas perdidas o cualquier otro efecto indeseado.</disclaimer>
    <disclaimer lang="es_MX">¡Este es un software inestable! Los autores no son responsables en absoluto de reproducciones fallidas, tiempos EPG incorrectos, desperdicio de horas, o cualquier otro efecto indeseable.</disclaimer>
    <disclaimer lang="eu_ES">Software hau ezegonkorra da! Egileak ez dira inolaz ere erantzule editen erreprodukzio akatsez, EPG denbora okerrez, ordu galduez edo beste edozein ondorio ezerosotaz.</disclaimer>
    <disclaimer lang="fi_FI">Tämä on epävakaa ohjelma! Sen tekijät eivät ole millään muotoa vastuussa epäonnistuneista tallennuksista, virheellisistä ajastuksista, haaskatusta ajasta, verenpaineen noususta tai mistään muusta epäsuotuisasta vaikutuksesta.</disclaimer>
    <disclaimer lang="fr_CA">Ce logiciel est instable ! Les auteurs ne sont aucunement responsables des lectures défaillantes, d’horaires erronés du GÉP, des heures perdues ou tout autre effet indésirable.</disclaimer>
    <disclaimer lang="fr_FR">Logiciel en cours d'élaboration ! Les auteurs ne sont en aucun cas responsables de l'échec des enregistrements, programmations défectueuses, temps perdu ou autres effets indésirables.</disclaimer>
    <disclaimer lang="gl_ES">Este software non é estábel! Os autores non se fan responsábeis dos erros na reproducción, horarios incorrectos na Guía, horas vencidas, e otros efectos non desexados.</disclaimer>
    <disclaimer lang="he_IL">זוהי איננה הרחבה יציבה! המפתחים אינם אחראים על כשלון בניגון, זמנים שגויים במדריך השידורים, שעות מבוזבזות או כל תופעה לא רצויה אחרת.</disclaimer>
    <disclaimer lang="hr_HR">Ovo je nestabilan softver! Autori nisu ni na koji način odgovorani za neuspjelo snimanje, netočna zakazana snimanja, izgubjene sate, ili bilo koje druge neželjene učinke...</disclaimer>
    <disclaimer lang="hu_HU">Ez nem stabil szoftver! A készítők nem vállalnak felelősséget, a hibás felvételért, rossz időzítésért, elvesztegetett időért...</disclaimer>
    <disclaimer lang="id_ID">Perangkat lunak ini belum stabil. Penulis tidak akan bertanggung-jawa untuk kegagalan penyetelan, waktu EPG yang tidak tepat, Waktu yang terbuang dan efek yang tidak diinginkan lainnya.</disclaimer>
    <disclaimer lang="is_IS">Þetta er óstöðugur hugbúnaður! Höfundarnir eru á engan hátt ábyrgir fyrir misheppnuðum spilunum, röngum upptökutímum, klukkustundum sem að fóru í súginn eða nokkrum öðrum óæskilegum áhrifum.</disclaimer>
    <disclaimer lang="it_IT">Questo software è instabile! Gli autori non sono in alcun modo responsabili per registrazioni fallite, timers incorretti, ore perse, o qualsiasi altro effetto indesiderato.</disclaimer>
    <disclaimer lang="ja_JP">これは不安定なソフトウェアです！本プログラムの作者は、再生の失敗、EPG 時刻のずれ、無駄にした時間、その他あらゆる好ましくない結果について責任を負わないものとします。</disclaimer>
    <disclaimer lang="ko_KR">이 소프트웨어는 불안정합니다! 재생 실패, 정확하지 않은 EPG 시각, 시간 낭비, 의도하지 않은 현상에 대해 제작자는 어떤 책임도 지지 않습니다.</disclaimer>
    <disclaimer lang="lt_LT">Tai yra nestabili programinė įranga! Autoriai nėra atsakingi dėl nepavykusio atkūrimo, klaidingo EPG laiko, prarastų valandų ar kito nepageidaujamo poveikio.</disclaimer>
    <disclaimer lang="lv_LV">Šī ir nestabila programmatūra! Autori nav atbildīgi par neizdevušos atskaņošanu, nepareizu EPG laiku, iztērētām stundām vai jebkādiem citiem nevēlamiem efektiem.</disclaimer>
    <disclaimer lang="mk_MK">Ова е нестабилен софтвер! Авторите во никој случај не се одговорни за неуспешно гледање, неточни времиња во EPG, вашето потрошено време или било кои непосакувани ефекти.</disclaimer>
    <disclaimer lang="ms_MY">Perisian ini tidak stabi! Pengarang tidak bertanggungjawab atas kegagalan memainkan, pemasa EPG yang tidak betul, pembaziran masa atau sebarang kesan tidak diingini.</disclaimer>
    <disclaimer lang="mt_MT">Dan il-programm mhuwiex stabbli! L-awturi m'huma bl-ebda mod responsabbli għal daqq li ma jirnexxiex, ħinijiet tal-EPG żbaljati, siegħat moħlija jew kwalunkwe effet ieħor mhux mixtieq.</disclaimer>
    <disclaimer lang="nb_NO">Dette er et ustabilt program! Skaperne er på ingen måte ansvarlig for feil ved avspilling, feil programguidetider, bortkastede timer eller andre uønskede ting.</disclaimer>
    <disclaimer lang="nl_NL">Deze software is niet 100% stabiel! De auteurs zijn op geen enkele wijze aansprakelijk voor mislukte opnames, incorrecte EPG-tijden, verspilde uren, of enig ander ongewild neveneffect..</disclaimer>
    <disclaimer lang="pl_PL">Oprogramowanie nadal jest w fazie rozwoju i jest niestabilne! Autorzy w żaden sposób nie są odpowiedzialni za nieudane nagrania, błędy w harmonogramie nagrań, zmarnowany czas ani jakiekolwiek inne niepożądane efekty.</disclaimer>
    <disclaimer lang="pt_BR">Este é um software instável! Os autores não são responsáveis por falhas nas reproduções, horários incorretos no EPG, horas perdidas ou quaisquer outros efeitos indesejáveis.</disclaimer>
    <disclaimer lang="pt_PT">Este software é instável! Os autores não podem ser responsabilizados por gravações falhadas, temporizadores incorretos, horas desperdiçadas ou qualquer outro tipo de efeitos indesejáveis...</disclaimer>
    <disclaimer lang="ro_RO">Această parte din program nu este stabilă! Autorii nu sunt responsabili în nici un fel pentru înregistrări eșuate, cronometrări EPG incorecte, ore pierdute sau orice alte efecte nedorite.</disclaimer>
    <disclaimer lang="ru_RU">Это нестабильная программа! Авторы не несут ответственности за неудачные воспроизведение, неверные время EPG, потраченное время и прочие нежелательные эффекты.</disclaimer>
    <disclaimer lang="sk_SK">Toto je nestabilný softvér! Autori nie sú v žiadnom prípade zodpovední za chybné prehrávanie, nesprávne časy EPG, premrhané hodiny alebo akékoľvek iné nežiadúce účinky.</disclaimer>
    <disclaimer lang="sl_SI">To je nestabilna programska oprema! Avtorji niso odgovorni za neuspela predvajanja, nepravilne čase v EPG, zapravljen čas in katerikoli drug neželen učinek.</disclaimer>
    <disclaimer lang="sr_RS">Овај софтвер је нестабилан! Аутори ни на који начин нису одговорни за неуспела снимања, неисправне тајмере, изгубљене сате, или било које друге нежељене ефекте.</disclaimer>
    <disclaimer lang="sr_RS@latin">Ovaj softver je nestabilan! Autori ni na koji način nisu odgovorni za neuspela snimanja, neispravne tajmere, izgubljene sate, ili bilo koje druge neželjene efekte.</disclaimer>
    <disclaimer lang="sv_SE">Denna mjukvara är ostabil! Författarna kan inte på något sätt hållas ansvariga för felaktiga uppspelningar, EPG-tider, bortslösade timmar eller andra oönskade effekter.</disclaimer>
    <disclaimer lang="szl">To je niystabilny softwer! Autōry niy sōm ôdpedzialne za niypodarzōne graniy, niynŏleżne godziny EPG, stracōne godziny i inksze niychciane efekty.</disclaimer>
    <disclaimer lang="tr_TR">Bu kararsız bir yazılımdır! Yazanlar oynatma hatası, yanlış EPG zamanları, harcanmış saatler ya da diğer etkilerden sorumlu değildir.</disclaimer>
    <disclaimer lang="zh_CN">这是不稳定版的软件！作者不对录像失败、错误定时造成时间浪费或其它不良影响负责。</disclaimer>
    <disclaimer lang="zh_TW">這是測試中的軟體！原創作者無法針對以下情況負責：包括播放失敗，不正確的電子節目表，多餘的時數，或任何不可預期的不良影響。</disclaimer>
  </extension>
</addon>
