<?xml version="1.0" encoding="UTF-8"?>
<addon
  id="pvr.aguia.de.fogo"
  version="18.09.84"
  name="[COLORorange]ÁGUIA DE [COLORred]FOGO[/COLOR]"
  provider-name="ArrowNegra">
  <requires>
<import addon="kodi.binary.global.main" version="1.0.14"/>
<import addon="kodi.binary.instance.pvr" version="5.10.3"/></requires>
  <extension
    point="xbmc.pvrclient"
    library_windows="pvr.aguia.de.fogo.dll"/>
  <extension point="xbmc.addon.metadata">

    <description lang="de_DE">. [COLOR silver]Águia de [COLORred]Fogo [COLORgold]é um addon da familia ArrowNegra.TODOS OS LINKS ESTÃO DISPONIVEIS NA INTERNET!</description>
    <disclaimer lang="de_DE">Este é um software instável!  Os autores não são de forma alguma responsáveis por gravações com falha, temporizadores errados, perda de tempo ou quaisquer outros efeitos indesejados.</disclaimer>
    <platform>windows-x86_64</platform>
  </extension>
</addon>
