<?xml version="1.0" encoding="UTF-8" standalone="yes"?>
<addon id="plugin.video.aguianegra" name="[COLOR red]Águia[/COLOR] [COLOR yellow]Negra[/COLOR]" version="3.0.2" provider-name="ArrowNegra">
	<requires>
		<import addon="script.module.six" />
		<import addon="script.module.kodi-six" />
		<import addon="script.module.requests" optional="true"/>
		<import addon="script.module.websocket" version="0.50.0"  optional="true"/>
		<import addon="script.module.youtube.dl" optional="true"/>
		<import addon="plugin.video.youtube" optional="true" />
		<import addon="script.module.dateutil" optional="true" />
		<import addon="script.module.resolveurl" optional="true"/>
		<import addon="script.module.urlresolver" optional="true"/>
		<import addon="script.module.cloudscraper" optional="true"/>
		<import addon="script.module.inputstreamhelper" optional="true"/>
		<import addon="script.module.slproxy" optional="true"/>
	</requires>
	<extension point="xbmc.python.pluginsource" library="default.py">
		<provides>video</provides>
	</extension>
	
	<extension point="xbmc.addon.repository" name="Arrow Negra repository">
		<dir>
			<info compressed="false">https://raw.githubusercontent.com/arrownegra/repository.arrownegra.github.io/main/addons.xml</info>
			<checksum>https://raw.githubusercontent.com/arrownegra/repository.arrownegra.github.io/main/addons.xml.md5</checksum>
			<datadir zip="true">https://raw.githubusercontent.com/arrownegra/repository.arrownegra.github.io/main/</datadir>
		</dir>
    </extension>

	<extension point="xbmc.addon.metadata">
		<summary>Canais de Televisão, desportos e mais...</summary>
		<description>


AVISO LEGAL:

Este addon não aloja nenhum conteudo mostrado.
Todo o conteudo encuentra-se livremente na internet.
Não se aceita nenhuma responsabilidade pelo uso deste addon.

¡Enjoyyyy!
		</description>
		<platform>all</platform>
		<assets>
			<icon>icon.png</icon>
			<fanart>fanart.jpg</fanart>
			
		</assets>
		<news>Primeira versão também compativel com Kodi 19 Matrix</news>
	</extension>
</addon>
