<?xml version="1.0" encoding="UTF-8" standalone="yes"?>
<addon id="script.cine_e_series.metadata" version="1.9.3" name="[COLORgrey]Cine[/COLOR] e [COLORmaroon]Series[/COLOR][COLORcyan] Metadata[/COLOR]" provider-name="ArrowNegra">
	<requires>
		<!--<import addon="xbmc.python" version="2.19.0"/>-->
	</requires>
	<extension point="xbmc.python.module" library="lib" />
	<extension point="xbmc.addon.metadata">
		<summary>Metadata for the Cine_e_Series Addon</summary>
		<description>Metadata for Cine_e_Series are maintained separately to make distribution of the the addon itself easier/faster.</description>
		<platform>all</platform>
	</extension>
</addon>
