<?xml version="1.0" encoding="UTF-8" standalone="yes"?>
<addon id="script.module.cine_e_series" name="[COLORgrey]Cine[/COLOR] e [COLORmaroon]Series[/COLOR][COLORcyan] Module[/COLOR]" version="1.0.0" provider-name="ArrowNegra">
	<requires>
		<import addon="xbmc.python" version="2.1.0" />
	</requires>
	<extension point="xbmc.python.module" library="lib" />
	<extension point="xbmc.addon.metadata">
		<platform>all</platform>
		<summary lang="en">cine_e_series</summary>
		<description></description>
        <disclaimer lang="en"></disclaimer>
	</extension>
</addon>