<?xml version="2.1" encoding="UTF-8" standalone="yes"?>
<addon id="script.pvr.aguia.de.fogo.api" name="[COLORorange]Pach API pvr.Aguia.de.Fogo[/COLOR]" version="0.2.2" provider-name="[COLORorange]@By_Flecha_negra[/COLOR]">
   <requires>
	<import addon="script.module.six" />
	<import addon="pvr.aguia.de.fogo" />
  </requires>
  <extension point="xbmc.python.pluginsource" library="main.py">
    <provides>executable</provides>
  </extension>  
  <extension point="xbmc.addon.metadata">
     <disclaimer lang="en"></disclaimer>
	 <disclaimer lang="pt"></disclaimer>
    <platform>all</platform>
    <summary>Pach API pvr Águia de Fogo</summary>
		<description lang="en">[COLOR red]pvr.aguia.de.fogo[/COLOR] [COLORorange]stalker[/COLOR] [COLORorange]é um addon da familia ArrowNegra.TODOS OS LINKS ESTÃO DISPONIVEIS NA INTERNET![/COLOR]</description>
	
	<assets>
     <icon>icon.png</icon>
     <fanart>fanart.jpg</fanart>
    </assets>
  </extension>
</addon>
