<?xml version="1.0" encoding="UTF-8" standalone="yes"?>
<addon id="plugin.video.aguianegra"
       name="[COLOR red]Águia[/COLOR] [COLOR yellow]Negra[/COLOR]"
       version="3.1"
       provider-name="Flecha Negra">
  <requires>
    <import addon="xbmc.python" version="2.1.0"/>
    <import addon="script.module.beautifulsoup" version="3.2.1"/>
    <import addon="script.module.simple.downloader" version="0.9.4"/>
    <import addon="script.module.requests" />
    <import addon="script.module.httplib2" />
    <import addon="script.module.liveresolver" version="0.1.24" optional="true"/>
    <import addon="script.module.youtube.dl" optional="true"/>
    <import addon="plugin.video.youtube" optional="true" />
    <import addon="script.module.resolveurl" optional="true"/>
    <import addon="script.module.simplejson" />    
    <import addon="script.module.livestreamer" optional="true"/>
    <import addon="script.module.slproxy" optional="true"/>
    <import addon="script.module.pyamf" optional="true"/>
  </requires>
  <extension point="xbmc.python.pluginsource" library="default.py">
    <provides>video</provides>
  </extension>
  <description> TODO CONTEUDO AQUI ENCONTRADO ESTÁ DISPONÍVEL NA INTERNET, NÃO HAVENDO LUGAR, DA NOSSA PARTE, A QUALQUER ARMAZENAMENTO, SERVINDO O ADDON APENAS COMO FERRAMENTA DE ACESSO AO MESMO... </description>


  <extension point="xbmc.addon.metadata">
    
    <platform>all</platform>
  </extension>
</addon>
