<?xml version="1.0" encoding="UTF-8" standalone="yes"?>
<addon id="script.cine_e_series.artwork" version="1.0.0" name="[COLORgrey]Cine[/COLOR] e [COLORmaroon]Series[/COLOR][COLORcyan] Artwork[/COLOR]" provider-name="ArrowNegra">
	<requires>
		<import addon="xbmc.python" version="2.19.0"/>
	</requires>
	<extension point="xbmc.python.module" library="lib" />
	<extension point="xbmc.addon.metadata">
		<summary>Themes For cine e series Addon</summary>
		<description>Artwork Module For cine e series Addon</description>
        <disclaimer lang="en"></disclaimer>
		<platform>all</platform>
	</extension>
</addon>
