<?xml version="1.0" encoding="UTF-8" standalone="yes"?>
<addon id="plugin.video.gloriosotv"
       name="[B][COLOR chocolate]Glorioso Tv[/COLOR][/B]"
       version="2.0"
       provider-name="[B][COLOR yellow]Glorioso Tv[/COLOR][/B]">

  <requires>
    <import addon="xbmc.python" version="3.0.0"/>
    <import addon="script.module.requests"/>
    <import addon="script.module.simplejson"/>
	<import addon="script.module.kodi-six" />
	<import addon="script.module.resolveurl" />
</requires>
  <extension point="xbmc.python.pluginsource" library="default.py">
    <provides>video</provides>
  </extension>
  <extension point="xbmc.addon.metadata">
    <summary lang="en">[B][COLOR chocolate]OBRIGADO POR USAR NOSSO ADD-ON[/COLOR][/B]</summary>
    <description lang="en">[B][COLOR chocolate]Glorioso Tv é apenas um AGREGADOR de links e, assim como o Google.com, apenas agrega e organiza os links externos. Não somos responsáveis pelos arquivos aqui encontrados.[/COLOR][/B]</description>
    <news>
[B][COLOR chocolate]v2.0 - CORREÇÕES DE SEGURANÇA, OBRIGADO POR USAR NOSSO ADD-ON[/COLOR][/B]
</news>
    <platform>all</platform>
	<assets>
<icon>icon.png</icon>
<fanart>fanart.jpg</fanart>
<screenshot>resources/screenshots/home.jpg</screenshot>
<screenshot>resources/screenshots/movies.jpg</screenshot>
<screenshot>resources/screenshots/series.jpg</screenshot>
</assets>
  </extension>
</addon>
