<?xml version="2.1" encoding="UTF-8" standalone="yes"?>
<addon id="script.aguia-branca.api.stalker" name="[COLORorange]Pach API Aguia_Branca Stalker[/COLOR]" version="0.3.1" provider-name="[COLORorange]@By_Flech_anegra[/COLOR]">
   <requires>
	<import addon="script.module.six" />
	<import addon="plugin.video.aguia-branca" />
  </requires>
  <extension point="xbmc.python.pluginsource" library="main.py">
    <provides>executable</provides>
  </extension>  
  <extension point="xbmc.addon.metadata">
     <disclaimer lang="en"></disclaimer>
	 <disclaimer lang="pt"></disclaimer>
    <platform>all</platform>
    <summary>pach API Aguia_Branca Stalker</summary>
		<description lang="en">[COLOR red]aguia-branca.api[/COLOR] [COLORorange]stalker[/COLOR] [COLORorange]é um addon da familia ArrowNegra.TODOS OS LINKS ESTÃO DISPONIVEIS NA INTERNET![/COLOR]</description>
	
	<assets>
     <icon>icon.png</icon>
     <fanart>fanart.jpg</fanart>
    </assets>
  </extension>
</addon>
