<?xml version="1.0" encoding="UTF-8"?>
<addon id="plugin.video.f4mTester" name="f4mTester" version="3.0.2" provider-name="Tiago">
    <requires>
        <import addon="xbmc.python" version="3.0.0"/>
        <import addon="script.video.F4mProxy" version="3.0.2"/>
    </requires>
    <extension point="xbmc.python.pluginsource" library="default.py">
        <provides>video</provides>
    </extension>
    <extension point="xbmc.addon.metadata">
        <summary lang="en">f4mTester</summary>
        <description></description>
        <platform>all</platform>
        <assets>
			<icon>icon.png</icon>
		</assets>
    </extension>
</addon>
