<?xml version="1.0" encoding="UTF-8" standalone="yes"?>
<addon id="plugin.video.x-codes" name="[COLOR chocolate]X[/COLOR][COLORwhite]-[/COLOR][COLORgold]Codes[/COLOR]" version="1.9.5" provider-name="[COLOR red]Arrow[/COLOR][COLORdarkgrey]Negra[/COLOR]">
  <extension point="xbmc.python.pluginsource"
			library="default.py">
		<provides>video</provides>
  </extension>
  <extension point="xbmc.addon.metadata">
	<summary></summary>
	<language>en</language>
		<description lang="en">[COLOR red]X[/COLOR]- [COLORorange]Codes[/COLOR] [COLORorange]é um addon da familia ArrowNegra.TODOS OS LINKS ESTÃO DISPONIVEIS NA INTERNET![/COLOR]</description>
	<description></description>
	<platform>all</platform>
	<assets>
		<icon>icon.png</icon>
		<fanart>fanart.jpg</fanart>
	</assets>
  </extension>
</addon>