<?xml version="1.0" encoding="UTF-8" standalone="yes"?>
<addon id="plugin.video.aguia_de_ouro" version="1.1.1" name="[COLOR red]Águia [COLOR black]de [COLOR gold]Ouro[/COLOR]" provider-name="@Flecha_Negra">
    <requires>
        <import addon="script.module.simplejson" />
        <import addon="script.module.six" />
        <import addon="script.module.kodi-six" />
		<import addon="script.module.requests"/>
		<import addon="script.module.beautifulsoup4"/>	
    </requires>
    <extension point="xbmc.python.pluginsource" library="default.py">
        <provides>video</provides>
    </extension>	
    <extension point="xbmc.addon.metadata">
		<summary lang="pt">Águia de Ouro é um addon de desporto da team ArrowNegra</summary>
		<description lang="pt">Todos os videos são de sites terceiros, não hospedamos conteudo</description>
        <platform>all</platform>
        <license>GNU GENERAL PUBLIC LICENSE. Version 3, 29 June 2007</license>
        <disclaimer>The author of this addon do not host any of the content which is found and have no affiliation with any of the content providers. This addon simply searches websites for content. Use at your own risk!</disclaimer>
        <assets>
       <icon>icon.png</icon>
	   <fanart>fanart.jpg</fanart>
	   <media>resources/medias/home.jpg</media>
	   <media>resources/medias/movies.jpg</media>
	   <media>resources/medias/series.jpg</media>
    </assets>
    </extension>
</addon>
