<?xml version="1.0" encoding="UTF-8" standalone="yes"?>
<addon id="plugin.video.flashbrasil" name="[COLOR yellow]Flash[/COLOR] [COLORgreen]Brasil[/COLOR]" version="1.0.4+matrix.1" provider-name="Flechanegra"> 
<requires>
    <import addon="xbmc.python" version="3.0.0"/>
    <import addon="script.module.requests"/>
    <import addon="script.module.simplejson"/>
	<import addon="script.module.kodi-six" />
</requires>  
<extension point="xbmc.python.pluginsource" library="default.py">
	<provides>video</provides>
</extension>   
<extension point="xbmc.addon.metadata">
	<summary lang="en">[COLOR yellow]Flash[/COLOR] [COLORgreen]Brasil[/COLOR] [COLORorangeis an add-on from the K-PT Flechanegra family. ALL LINKS ARE AVAILABLE ON THE INTERNET![/COLOR]</summary>
	<summary lang="pt">[COLOR yellow]Flash[/COLOR] [COLORgreen]Brasil[/COLOR] [COLORorangeé um addon da familia K-PT Flechanegra.TODOS OS LINKS ESTÃO DISPONIVEIS NA INTERNET![/COLOR]</summary>
	<description lang="en">[COLOR yellow]Flash[/COLOR] [COLORgreen]Brasil[/COLOR] [COLORorangeis an add-on from the K-PT Flechanegra family. ALL LINKS ARE AVAILABLE ON THE INTERNET![/COLOR]</description>
	<description lang="pt">[COLOR yellow]Flash[/COLOR] [COLORgreen]Brasil[/COLOR] [COLORorangeé um addon da familia K-PT Flechanegra.TODOS OS LINKS ESTÃO DISPONIVEIS NA INTERNET![/COLOR]</description>
    <disclaimer lang="en">The author is in no way affiliated with Kodi, Team Kodi or the XBMC Foundation. This is a non-profit resource.</disclaimer>
	<disclaimer lang="pt">O autor não é de forma alguma afiliado ao Kodi, Team Kodi ou a XBMC Foundation. Este é um recurso sem fins lucrativos.</disclaimer>
    <platform>all</platform>
	<assets>
       <icon>icon.png</icon>
       <fanart>fanart.jpg</fanart>
	   <screenshot>resources/screenshots/1.jpg</screenshot>
       <screenshot>resources/screenshots/2.jpg</screenshot>
       <screenshot>resources/screenshots/3.jpg</screenshot>
	   </assets>
	<news>
v1.0.0.matrix.1
- Inauguração Flechanegra em Python 3
	</news>
</extension>
</addon>